{"wifi_sta":{"connected":true,"ssid":"SOMECOOLVALUE","ip":"192.168.2.108","rssi":-38},"cloud":{"enabled":true,"connected":true},"mqtt":{"connected":false},"time":"11:42","unixtime":1647600179,"serial":1248,"has_update":false,"mac":"SOMECOOLVALUE","cfg_changed_cnt":0,"actions_stats":{"skipped":0},"relays":[{"ison":false,"has_timer":false,"timer_started":0,"timer_duration":0,"timer_remaining":0,"overpower":false,"is_valid":true,"source":"input"}],"emeters":[{"power":-3924.78,"pf":-1.00,"current":16.33,"voltage":240.76,"is_valid":true,"total":1554437.0,"total_returned":413631.5},{"power":30.63,"pf":0.18,"current":0.73,"voltage":234.02,"is_valid":true,"total":958484.5,"total_returned":142929.4},{"power":122.22,"pf":0.76,"current":0.69,"voltage":231.61,"is_valid":true,"total":1207147.7,"total_returned":0.1}],"total_power":-3771.93,"fs_mounted":true,"update":{"status":"idle","has_update":false,"new_version":"20220209-094824/v1.11.8-g8c7bb8d","old_version":"20220209-094824/v1.11.8-g8c7bb8d"},"ram_total":49440,"ram_free":27940,"fs_size":233681,"fs_free":154867,"uptime":1000}